policy_id,age_of_policyholder
P45001,0
P45002,0
P45003,0
P45004,0
P45005,0
P45006,0
P45007,0
P45008,0
P45009,0
P45010,0
P45011,1
P45012,0
P45013,1
P45014,1
P45015,0
P45016,0
P45017,0
P45018,0
P45019,0
P45020,0
P45021,0
P45022,0
P45023,0
P45024,0
P45025,0
P45026,0
P45027,0
P45028,0
P45029,0
P45030,0
P45031,1
P45032,0
P45033,0
P45034,0
P45035,0
P45036,0
P45037,0
P45038,1
P45039,0
P45040,0
P45041,0
P45042,0
P45043,1
P45044,0
P45045,0
P45046,0
P45047,0
P45048,0
P45049,0
P45050,0
P45051,0
P45052,0
P45053,0
P45054,1
P45055,0
P45056,0
P45057,0
P45058,0
P45059,1
P45060,1
P45061,1
P45062,0
P45063,0
P45064,0
P45065,0
P45066,0
P45067,0
P45068,0
P45069,0
P45070,0
P45071,0
P45072,1
P45073,0
P45074,0
P45075,1
P45076,1
P45077,0
P45078,0
P45079,0
P45080,1
P45081,1
P45082,0
P45083,0
P45084,0
P45085,0
P45086,0
P45087,0
P45088,1
P45089,0
P45090,0
P45091,0
P45092,0
P45093,0
P45094,0
P45095,0
P45096,0
P45097,0
P45098,0
P45099,0
P45100,0
P45101,0
P45102,0
P45103,0
P45104,0
P45105,0
P45106,0
P45107,0
P45108,0
P45109,0
P45110,0
P45111,0
P45112,0
P45113,0
P45114,0
P45115,0
P45116,0
P45117,0
P45118,1
P45119,0
P45120,0
P45121,0
P45122,0
P45123,0
P45124,0
P45125,0
P45126,0
P45127,0
P45128,0
P45129,1
P45130,0
P45131,1
P45132,0
P45133,0
P45134,0
P45135,0
P45136,0
P45137,1
P45138,0
P45139,0
P45140,0
P45141,0
P45142,0
P45143,0
P45144,0
P45145,0
P45146,0
P45147,0
P45148,0
P45149,1
P45150,0
P45151,0
P45152,0
P45153,0
P45154,0
P45155,0
P45156,0
P45157,0
P45158,0
P45159,0
P45160,1
P45161,1
P45162,0
P45163,0
P45164,1
P45165,0
P45166,0
P45167,0
P45168,0
P45169,0
P45170,0
P45171,0
P45172,0
P45173,0
P45174,0
P45175,0
P45176,0
P45177,0
P45178,0
P45179,0
P45180,0
P45181,0
P45182,0
P45183,0
P45184,0
P45185,0
P45186,0
P45187,0
P45188,1
P45189,1
P45190,0
P45191,0
P45192,0
P45193,0
P45194,0
P45195,0
P45196,0
P45197,0
P45198,0
P45199,0
P45200,0
P45201,0
P45202,0
P45203,0
P45204,0
P45205,0
P45206,0
P45207,0
P45208,0
P45209,0
P45210,0
P45211,0
P45212,0
P45213,0
P45214,0
P45215,0
P45216,0
P45217,0
P45218,0
P45219,0
P45220,0
P45221,0
P45222,0
P45223,0
P45224,0
P45225,0
P45226,0
P45227,0
P45228,0
P45229,0
P45230,0
P45231,0
P45232,1
P45233,0
P45234,0
P45235,1
P45236,0
P45237,0
P45238,0
P45239,0
P45240,0
P45241,0
P45242,0
P45243,0
P45244,0
P45245,0
P45246,0
P45247,0
P45248,0
P45249,0
P45250,1
P45251,1
P45252,0
P45253,0
P45254,1
P45255,0
P45256,0
P45257,0
P45258,0
P45259,0
P45260,0
P45261,0
P45262,0
P45263,0
P45264,0
P45265,0
P45266,0
P45267,0
P45268,0
P45269,0
P45270,0
P45271,0
P45272,0
P45273,0
P45274,0
P45275,0
P45276,0
P45277,0
P45278,0
P45279,0
P45280,0
P45281,0
P45282,0
P45283,1
P45284,0
P45285,0
P45286,0
P45287,0
P45288,0
P45289,0
P45290,0
P45291,1
P45292,0
P45293,0
P45294,0
P45295,0
P45296,0
P45297,0
P45298,1
P45299,0
P45300,0
P45301,0
P45302,0
P45303,0
P45304,0
P45305,0
P45306,1
P45307,0
P45308,0
P45309,0
P45310,0
P45311,1
P45312,0
P45313,0
P45314,0
P45315,0
P45316,0
P45317,0
P45318,1
P45319,0
P45320,0
P45321,0
P45322,0
P45323,0
P45324,0
P45325,0
P45326,0
P45327,0
P45328,1
P45329,0
P45330,0
P45331,0
P45332,0
P45333,0
P45334,0
P45335,0
P45336,0
P45337,0
P45338,0
P45339,0
P45340,0
P45341,0
P45342,0
P45343,0
P45344,0
P45345,1
P45346,0
P45347,0
P45348,0
P45349,0
P45350,0
P45351,0
P45352,0
P45353,1
P45354,0
P45355,0
P45356,0
P45357,0
P45358,0
P45359,0
P45360,0
P45361,0
P45362,0
P45363,1
P45364,0
P45365,1
P45366,0
P45367,0
P45368,0
P45369,0
P45370,0
P45371,1
P45372,0
P45373,0
P45374,0
P45375,0
P45376,1
P45377,0
P45378,0
P45379,1
P45380,1
P45381,0
P45382,0
P45383,0
P45384,0
P45385,0
P45386,0
P45387,0
P45388,0
P45389,0
P45390,0
P45391,0
P45392,0
P45393,0
P45394,0
P45395,0
P45396,0
P45397,0
P45398,0
P45399,0
P45400,1
P45401,0
P45402,0
P45403,0
P45404,0
P45405,0
P45406,0
P45407,0
P45408,0
P45409,0
P45410,0
P45411,0
P45412,0
P45413,0
P45414,0
P45415,0
P45416,1
P45417,0
P45418,0
P45419,0
P45420,0
P45421,0
P45422,0
P45423,0
P45424,1
P45425,0
P45426,1
P45427,0
P45428,0
P45429,0
P45430,0
P45431,0
P45432,0
P45433,1
P45434,0
P45435,0
P45436,0
P45437,0
P45438,1
P45439,0
P45440,0
P45441,0
P45442,0
P45443,0
P45444,0
P45445,0
P45446,0
P45447,0
P45448,0
P45449,0
P45450,0
P45451,0
P45452,0
P45453,0
P45454,0
P45455,0
P45456,1
P45457,0
P45458,0
P45459,0
P45460,0
P45461,0
P45462,0
P45463,0
P45464,0
P45465,0
P45466,0
P45467,0
P45468,0
P45469,0
P45470,0
P45471,0
P45472,0
P45473,0
P45474,0
P45475,0
P45476,1
P45477,0
P45478,0
P45479,1
P45480,0
P45481,0
P45482,0
P45483,0
P45484,1
P45485,0
P45486,0
P45487,0
P45488,0
P45489,0
P45490,0
P45491,0
P45492,0
P45493,0
P45494,0
P45495,0
P45496,0
P45497,0
P45498,0
P45499,0
P45500,0
P45501,0
P45502,0
P45503,0
P45504,0
P45505,0
P45506,0
P45507,0
P45508,0
P45509,0
P45510,0
P45511,0
P45512,0
P45513,0
P45514,0
P45515,0
P45516,0
P45517,0
P45518,0
P45519,0
P45520,1
P45521,0
P45522,1
P45523,0
P45524,0
P45525,0
P45526,0
P45527,0
P45528,0
P45529,0
P45530,1
P45531,0
P45532,0
P45533,0
P45534,0
P45535,0
P45536,0
P45537,1
P45538,0
P45539,0
P45540,0
P45541,0
P45542,1
P45543,0
P45544,0
P45545,0
P45546,0
P45547,0
P45548,0
P45549,0
P45550,0
P45551,0
P45552,0
P45553,0
P45554,0
P45555,0
P45556,0
P45557,0
P45558,0
P45559,0
P45560,0
P45561,0
P45562,1
P45563,0
P45564,0
P45565,0
P45566,0
P45567,0
P45568,0
P45569,0
P45570,0
P45571,0
P45572,0
P45573,0
P45574,0
P45575,0
P45576,0
P45577,0
P45578,0
P45579,0
P45580,0
P45581,0
P45582,0
P45583,0
P45584,0
P45585,0
P45586,0
P45587,0
P45588,0
P45589,0
P45590,0
P45591,0
P45592,0
P45593,1
P45594,0
P45595,0
P45596,0
P45597,0
P45598,0
P45599,0
P45600,0
P45601,0
P45602,0
P45603,0
P45604,0
P45605,1
P45606,0
P45607,1
P45608,0
P45609,1
P45610,0
P45611,0
P45612,1
P45613,0
P45614,0
P45615,0
P45616,0
P45617,1
P45618,0
P45619,0
P45620,1
P45621,0
P45622,0
P45623,0
P45624,0
P45625,1
P45626,1
P45627,0
P45628,0
P45629,0
P45630,0
P45631,0
P45632,0
P45633,1
P45634,1
P45635,0
P45636,0
P45637,0
P45638,0
P45639,0
P45640,0
P45641,0
P45642,0
P45643,0
P45644,0
P45645,1
P45646,1
P45647,0
P45648,0
P45649,0
P45650,0
P45651,0
P45652,0
P45653,0
P45654,0
P45655,0
P45656,0
P45657,0
P45658,0
P45659,1
P45660,0
P45661,0
P45662,1
P45663,1
P45664,1
P45665,0
P45666,0
P45667,0
P45668,0
P45669,0
P45670,0
P45671,1
P45672,0
P45673,0
P45674,0
P45675,0
P45676,0
P45677,0
P45678,0
P45679,0
P45680,1
P45681,1
P45682,0
P45683,0
P45684,1
P45685,0
P45686,1
P45687,0
P45688,0
P45689,0
P45690,0
P45691,0
P45692,0
P45693,0
P45694,0
P45695,0
P45696,0
P45697,0
P45698,0
P45699,0
P45700,1
P45701,0
P45702,0
P45703,0
P45704,0
P45705,0
P45706,0
P45707,0
P45708,0
P45709,0
P45710,0
P45711,0
P45712,0
P45713,0
P45714,0
P45715,0
P45716,0
P45717,0
P45718,0
P45719,0
P45720,1
P45721,0
P45722,0
P45723,0
P45724,0
P45725,0
P45726,0
P45727,0
P45728,0
P45729,0
P45730,0
P45731,0
P45732,0
P45733,0
P45734,0
P45735,0
P45736,0
P45737,0
P45738,0
P45739,0
P45740,0
P45741,0
P45742,1
P45743,0
P45744,0
P45745,0
P45746,1
P45747,0
P45748,0
P45749,0
P45750,0
P45751,0
P45752,0
P45753,0
P45754,0
P45755,0
P45756,0
P45757,0
P45758,0
P45759,0
P45760,0
P45761,0
P45762,0
P45763,1
P45764,0
P45765,0
P45766,1
P45767,0
P45768,0
P45769,0
P45770,0
P45771,0
P45772,0
P45773,1
P45774,0
P45775,0
P45776,1
P45777,0
P45778,0
P45779,0
P45780,0
P45781,1
P45782,0
P45783,0
P45784,0
P45785,0
P45786,0
P45787,0
P45788,0
P45789,0
P45790,0
P45791,0
P45792,0
P45793,1
P45794,0
P45795,0
P45796,0
P45797,0
P45798,0
P45799,0
P45800,0
P45801,0
P45802,0
P45803,1
P45804,1
P45805,0
P45806,0
P45807,0
P45808,0
P45809,0
P45810,0
P45811,0
P45812,1
P45813,0
P45814,0
P45815,0
P45816,0
P45817,0
P45818,0
P45819,1
P45820,0
P45821,1
P45822,0
P45823,0
P45824,0
P45825,0
P45826,0
P45827,0
P45828,0
P45829,0
P45830,0
P45831,0
P45832,0
P45833,1
P45834,0
P45835,0
P45836,0
P45837,0
P45838,0
P45839,0
P45840,0
P45841,1
P45842,0
P45843,0
P45844,0
P45845,0
P45846,0
P45847,0
P45848,1
P45849,0
P45850,0
P45851,0
P45852,0
P45853,0
P45854,0
P45855,0
P45856,0
P45857,0
P45858,0
P45859,0
P45860,0
P45861,0
P45862,0
P45863,0
P45864,0
P45865,0
P45866,1
P45867,0
P45868,1
P45869,0
P45870,0
P45871,1
P45872,1
P45873,0
P45874,0
P45875,0
P45876,0
P45877,0
P45878,0
P45879,0
P45880,0
P45881,0
P45882,0
P45883,0
P45884,0
P45885,0
P45886,0
P45887,0
P45888,0
P45889,0
P45890,1
P45891,0
P45892,0
P45893,0
P45894,0
P45895,0
P45896,0
P45897,0
P45898,0
P45899,0
P45900,0
P45901,0
P45902,0
P45903,1
P45904,0
P45905,1
P45906,1
P45907,0
P45908,1
P45909,0
P45910,1
P45911,0
P45912,0
P45913,0
P45914,0
P45915,1
P45916,0
P45917,0
P45918,0
P45919,0
P45920,0
P45921,0
P45922,0
P45923,0
P45924,0
P45925,0
P45926,0
P45927,0
P45928,0
P45929,0
P45930,0
P45931,0
P45932,0
P45933,0
P45934,0
P45935,0
P45936,0
P45937,1
P45938,0
P45939,0
P45940,0
P45941,0
P45942,0
P45943,0
P45944,0
P45945,0
P45946,0
P45947,0
P45948,0
P45949,1
P45950,1
P45951,0
P45952,0
P45953,0
P45954,0
P45955,1
P45956,0
P45957,0
P45958,0
P45959,0
P45960,0
P45961,0
P45962,0
P45963,1
P45964,0
P45965,0
P45966,0
P45967,0
P45968,0
P45969,0
P45970,0
P45971,0
P45972,0
P45973,0
P45974,0
P45975,0
P45976,0
P45977,0
P45978,0
P45979,0
P45980,0
P45981,1
P45982,1
P45983,0
P45984,0
P45985,0
P45986,0
P45987,0
P45988,0
P45989,0
P45990,1
P45991,1
P45992,0
P45993,0
P45994,0
P45995,0
P45996,0
P45997,0
P45998,0
P45999,1
P46000,0
P46001,0
P46002,0
P46003,0
P46004,0
P46005,0
P46006,0
P46007,0
P46008,1
P46009,0
P46010,0
P46011,0
P46012,0
P46013,0
P46014,0
P46015,0
P46016,0
P46017,0
P46018,0
P46019,1
P46020,0
P46021,0
P46022,0
P46023,0
P46024,0
P46025,0
P46026,0
P46027,0
P46028,0
P46029,0
P46030,0
P46031,0
P46032,0
P46033,0
P46034,1
P46035,0
P46036,0
P46037,0
P46038,0
P46039,0
P46040,0
P46041,0
P46042,0
P46043,0
P46044,0
P46045,0
P46046,0
P46047,0
P46048,0
P46049,0
P46050,0
P46051,0
P46052,0
P46053,0
P46054,0
P46055,0
P46056,0
P46057,0
P46058,1
P46059,0
P46060,0
P46061,0
P46062,0
P46063,0
P46064,0
P46065,0
P46066,0
P46067,0
P46068,0
P46069,0
P46070,0
P46071,0
P46072,0
P46073,0
P46074,0
P46075,0
P46076,0
P46077,0
P46078,0
P46079,0
P46080,0
P46081,0
P46082,0
P46083,0
P46084,0
P46085,0
P46086,0
P46087,0
P46088,0
P46089,0
P46090,0
P46091,0
P46092,0
P46093,0
P46094,1
P46095,0
P46096,0
P46097,0
P46098,0
P46099,0
P46100,0
P46101,0
P46102,1
P46103,0
P46104,0
P46105,1
P46106,0
P46107,0
P46108,0
P46109,1
P46110,1
P46111,0
P46112,0
P46113,1
P46114,0
P46115,0
P46116,0
P46117,1
P46118,0
P46119,0
P46120,1
P46121,0
P46122,0
P46123,1
P46124,0
P46125,0
P46126,0
P46127,0
P46128,0
P46129,0
P46130,0
P46131,0
P46132,0
P46133,1
P46134,0
P46135,1
P46136,0
P46137,0
P46138,0
P46139,0
P46140,1
P46141,0
P46142,0
P46143,0
P46144,1
P46145,0
P46146,1
P46147,0
P46148,0
P46149,0
P46150,0
P46151,0
P46152,0
P46153,0
P46154,0
P46155,0
P46156,0
P46157,0
P46158,0
P46159,0
P46160,0
P46161,0
P46162,1
P46163,0
P46164,0
P46165,0
P46166,1
P46167,0
P46168,0
P46169,0
P46170,0
P46171,0
P46172,0
P46173,1
P46174,0
P46175,0
P46176,0
P46177,0
P46178,0
P46179,0
P46180,1
P46181,0
P46182,0
P46183,0
P46184,0
P46185,0
P46186,0
P46187,0
P46188,0
P46189,0
P46190,0
P46191,0
P46192,0
P46193,0
P46194,0
P46195,0
P46196,0
P46197,0
P46198,0
P46199,1
P46200,0
P46201,0
P46202,1
P46203,0
P46204,0
P46205,0
P46206,0
P46207,0
P46208,0
P46209,0
P46210,0
P46211,0
P46212,0
P46213,1
P46214,0
P46215,0
P46216,0
P46217,0
P46218,0
P46219,0
P46220,0
P46221,0
P46222,0
P46223,0
P46224,0
P46225,0
P46226,0
P46227,1
P46228,0
P46229,0
P46230,0
P46231,0
P46232,1
P46233,0
P46234,0
P46235,0
P46236,0
P46237,0
P46238,0
P46239,0
P46240,0
P46241,0
P46242,0
P46243,0
P46244,0
P46245,0
P46246,0
P46247,0
P46248,0
P46249,1
P46250,0
P46251,0
P46252,0
P46253,0
P46254,0
P46255,0
P46256,1
P46257,0
P46258,0
P46259,0
P46260,0
P46261,0
P46262,0
P46263,0
P46264,1
P46265,0
P46266,0
P46267,0
P46268,0
P46269,0
P46270,0
P46271,0
P46272,0
P46273,0
P46274,0
P46275,0
P46276,0
P46277,1
P46278,0
P46279,0
P46280,0
P46281,0
P46282,0
P46283,0
P46284,0
P46285,0
P46286,0
P46287,0
P46288,0
P46289,0
P46290,0
P46291,0
P46292,0
P46293,0
P46294,0
P46295,1
P46296,0
P46297,0
P46298,0
P46299,0
P46300,1
P46301,0
P46302,0
P46303,0
P46304,0
P46305,0
P46306,0
P46307,0
P46308,0
P46309,0
P46310,0
P46311,0
P46312,0
P46313,0
P46314,0
P46315,0
P46316,1
P46317,0
P46318,0
P46319,0
P46320,0
P46321,0
P46322,0
P46323,0
P46324,0
P46325,0
P46326,0
P46327,0
P46328,1
P46329,0
P46330,0
P46331,0
P46332,0
P46333,0
P46334,0
P46335,0
P46336,0
P46337,0
P46338,0
P46339,0
P46340,0
P46341,0
P46342,0
P46343,0
P46344,0
P46345,0
P46346,0
P46347,0
P46348,0
P46349,0
P46350,0
P46351,0
P46352,0
P46353,0
P46354,0
P46355,0
P46356,0
P46357,0
P46358,0
P46359,1
P46360,0
P46361,0
P46362,0
P46363,0
P46364,0
P46365,1
P46366,0
P46367,0
P46368,0
P46369,0
P46370,0
P46371,0
P46372,0
P46373,0
P46374,1
P46375,0
P46376,0
P46377,0
P46378,0
P46379,0
P46380,0
P46381,0
P46382,0
P46383,0
P46384,0
P46385,1
P46386,0
P46387,0
P46388,0
P46389,0
P46390,1
P46391,0
P46392,0
P46393,0
P46394,0
P46395,0
P46396,0
P46397,1
P46398,0
P46399,1
P46400,1
P46401,0
P46402,0
P46403,0
P46404,0
P46405,0
P46406,0
P46407,0
P46408,0
P46409,0
P46410,0
P46411,0
P46412,1
P46413,0
P46414,1
P46415,0
P46416,0
P46417,0
P46418,0
P46419,0
P46420,0
P46421,1
P46422,0
P46423,0
P46424,0
P46425,0
P46426,0
P46427,0
P46428,0
P46429,0
P46430,0
P46431,0
P46432,0
P46433,0
P46434,0
P46435,0
P46436,0
P46437,0
P46438,0
P46439,0
P46440,1
P46441,0
P46442,1
P46443,0
P46444,0
P46445,1
P46446,0
P46447,0
P46448,0
P46449,0
P46450,0
P46451,0
P46452,0
P46453,0
P46454,0
P46455,0
P46456,0
P46457,0
P46458,0
P46459,0
P46460,0
P46461,0
P46462,0
P46463,1
P46464,0
P46465,0
P46466,0
P46467,0
P46468,0
P46469,1
P46470,0
P46471,0
P46472,0
P46473,1
P46474,0
P46475,0
P46476,0
P46477,0
P46478,0
P46479,1
P46480,0
P46481,0
P46482,0
P46483,0
P46484,1
P46485,0
P46486,0
P46487,0
P46488,1
P46489,0
P46490,0
P46491,0
P46492,1
P46493,0
P46494,0
P46495,0
P46496,0
P46497,0
P46498,0
P46499,0
P46500,0
P46501,0
P46502,0
P46503,0
P46504,0
P46505,1
P46506,0
P46507,0
P46508,1
P46509,0
P46510,0
P46511,0
P46512,0
P46513,0
P46514,0
P46515,0
P46516,0
P46517,0
P46518,0
P46519,0
P46520,0
P46521,0
P46522,0
P46523,0
P46524,0
P46525,0
P46526,0
P46527,1
P46528,0
P46529,0
P46530,0
P46531,0
P46532,1
P46533,0
P46534,0
P46535,1
P46536,0
P46537,0
P46538,1
P46539,0
P46540,0
P46541,0
P46542,0
P46543,0
P46544,0
P46545,0
P46546,0
P46547,0
P46548,0
P46549,0
P46550,0
P46551,0
P46552,0
P46553,0
P46554,0
P46555,0
P46556,0
P46557,0
P46558,0
P46559,0
P46560,0
P46561,0
P46562,0
P46563,0
P46564,0
P46565,0
P46566,0
P46567,0
P46568,0
P46569,1
P46570,0
P46571,0
P46572,0
P46573,0
P46574,0
P46575,0
P46576,0
P46577,0
P46578,0
P46579,0
P46580,0
P46581,1
P46582,1
P46583,1
P46584,1
P46585,0
P46586,1
P46587,1
P46588,0
P46589,0
P46590,0
P46591,0
P46592,0
P46593,0
P46594,1
P46595,0
P46596,0
P46597,0
P46598,0
P46599,0
P46600,0
P46601,0
P46602,0
P46603,0
P46604,0
P46605,1
P46606,0
P46607,0
P46608,0
P46609,1
P46610,0
P46611,0
P46612,0
P46613,1
P46614,0
P46615,0
P46616,0
P46617,0
P46618,0
P46619,0
P46620,0
P46621,0
P46622,0
P46623,0
P46624,0
P46625,0
P46626,0
P46627,0
P46628,0
P46629,0
P46630,0
P46631,0
P46632,1
P46633,1
P46634,0
P46635,0
P46636,0
P46637,0
P46638,0
P46639,0
P46640,0
P46641,0
P46642,0
P46643,0
P46644,0
P46645,0
P46646,0
P46647,1
P46648,0
P46649,0
P46650,0
P46651,0
P46652,0
P46653,0
P46654,0
P46655,0
P46656,0
P46657,1
P46658,0
P46659,0
P46660,0
P46661,0
P46662,0
P46663,0
P46664,0
P46665,0
P46666,0
P46667,0
P46668,0
P46669,0
P46670,0
P46671,0
P46672,0
P46673,0
P46674,0
P46675,0
P46676,0
P46677,1
P46678,0
P46679,0
P46680,0
P46681,0
P46682,0
P46683,0
P46684,0
P46685,0
P46686,0
P46687,0
P46688,0
P46689,0
P46690,0
P46691,0
P46692,0
P46693,1
P46694,0
P46695,0
P46696,0
P46697,0
P46698,0
P46699,0
P46700,0
P46701,0
P46702,0
P46703,0
P46704,0
P46705,0
P46706,0
P46707,1
P46708,0
P46709,0
P46710,0
P46711,0
P46712,0
P46713,0
P46714,0
P46715,0
P46716,1
P46717,0
P46718,0
P46719,0
P46720,0
P46721,0
P46722,0
P46723,0
P46724,0
P46725,0
P46726,0
P46727,0
P46728,0
P46729,0
P46730,1
P46731,0
P46732,0
P46733,0
P46734,1
P46735,0
P46736,0
P46737,0
P46738,0
P46739,0
P46740,0
P46741,0
P46742,0
P46743,0
P46744,0
P46745,0
P46746,0
P46747,0
P46748,0
P46749,0
P46750,1
P46751,0
P46752,0
P46753,0
P46754,0
P46755,1
P46756,0
P46757,1
P46758,0
P46759,0
P46760,0
P46761,0
P46762,0
P46763,1
P46764,0
P46765,0
P46766,1
P46767,0
P46768,0
P46769,0
P46770,0
P46771,0
P46772,0
P46773,0
P46774,0
P46775,0
P46776,0
P46777,0
P46778,1
P46779,0
P46780,0
P46781,0
P46782,0
P46783,1
P46784,0
P46785,1
P46786,0
P46787,1
P46788,0
P46789,0
P46790,0
P46791,0
P46792,1
P46793,0
P46794,0
P46795,0
P46796,0
P46797,0
P46798,0
P46799,1
P46800,0
P46801,0
P46802,0
P46803,1
P46804,0
P46805,0
P46806,0
P46807,1
P46808,0
P46809,0
P46810,0
P46811,0
P46812,0
P46813,0
P46814,0
P46815,0
P46816,1
P46817,0
P46818,1
P46819,0
P46820,0
P46821,0
P46822,0
P46823,0
P46824,0
P46825,0
P46826,0
P46827,0
P46828,0
P46829,0
P46830,0
P46831,0
P46832,0
P46833,0
P46834,0
P46835,0
P46836,0
P46837,0
P46838,0
P46839,0
P46840,0
P46841,0
P46842,0
P46843,0
P46844,0
P46845,0
P46846,0
P46847,0
P46848,0
P46849,0
P46850,0
P46851,0
P46852,1
P46853,0
P46854,0
P46855,0
P46856,0
P46857,0
P46858,0
P46859,0
P46860,0
P46861,0
P46862,0
P46863,0
P46864,0
P46865,0
P46866,0
P46867,0
P46868,0
P46869,1
P46870,1
P46871,0
P46872,0
P46873,0
P46874,0
P46875,0
P46876,0
P46877,0
P46878,0
P46879,0
P46880,0
P46881,0
P46882,0
P46883,0
P46884,0
P46885,0
P46886,0
P46887,0
P46888,0
P46889,1
P46890,0
P46891,0
P46892,0
P46893,0
P46894,0
P46895,0
P46896,0
P46897,0
P46898,0
P46899,0
P46900,0
P46901,1
P46902,0
P46903,0
P46904,0
P46905,0
P46906,0
P46907,0
P46908,0
P46909,0
P46910,0
P46911,0
P46912,0
P46913,0
P46914,0
P46915,0
P46916,0
P46917,0
P46918,0
P46919,1
P46920,0
P46921,0
P46922,0
P46923,0
P46924,1
P46925,0
P46926,0
P46927,0
P46928,0
P46929,0
P46930,0
P46931,0
P46932,0
P46933,0
P46934,0
P46935,0
P46936,1
P46937,0
P46938,0
P46939,0
P46940,0
P46941,0
P46942,0
P46943,0
P46944,0
P46945,0
P46946,0
P46947,0
P46948,0
P46949,0
P46950,0
P46951,0
P46952,0
P46953,0
P46954,0
P46955,1
P46956,0
P46957,0
P46958,0
P46959,0
P46960,0
P46961,1
P46962,0
P46963,0
P46964,0
P46965,0
P46966,0
P46967,0
P46968,0
P46969,0
P46970,0
P46971,0
P46972,0
P46973,1
P46974,0
P46975,0
P46976,0
P46977,0
P46978,0
P46979,0
P46980,0
P46981,0
P46982,0
P46983,0
P46984,1
P46985,0
P46986,0
P46987,0
P46988,0
P46989,0
P46990,0
P46991,0
P46992,0
P46993,0
P46994,1
P46995,0
P46996,0
P46997,0
P46998,0
P46999,0
P47000,0
P47001,0
P47002,0
P47003,0
P47004,0
P47005,0
P47006,0
P47007,0
P47008,0
P47009,0
P47010,0
P47011,0
P47012,0
P47013,0
P47014,0
P47015,0
P47016,0
P47017,0
P47018,0
P47019,0
P47020,0
P47021,1
P47022,0
P47023,0
P47024,0
P47025,1
P47026,0
P47027,0
P47028,0
P47029,0
P47030,0
P47031,0
P47032,0
P47033,0
P47034,0
P47035,0
P47036,0
P47037,0
P47038,0
P47039,0
P47040,0
P47041,0
P47042,0
P47043,0
P47044,0
P47045,0
P47046,0
P47047,0
P47048,1
P47049,0
P47050,0
P47051,0
P47052,0
P47053,0
P47054,0
P47055,0
P47056,0
P47057,0
P47058,0
P47059,0
P47060,0
P47061,0
P47062,1
P47063,0
P47064,0
P47065,0
P47066,0
P47067,0
P47068,1
P47069,0
P47070,0
P47071,0
P47072,1
P47073,0
P47074,0
P47075,0
P47076,0
P47077,0
P47078,0
P47079,0
P47080,0
P47081,1
P47082,0
P47083,1
P47084,0
P47085,0
P47086,0
P47087,0
P47088,0
P47089,0
P47090,0
P47091,0
P47092,0
P47093,0
P47094,0
P47095,0
P47096,0
P47097,0
P47098,0
P47099,0
P47100,0
P47101,1
P47102,0
P47103,0
P47104,0
P47105,0
P47106,1
P47107,0
P47108,0
P47109,0
P47110,0
P47111,1
P47112,0
P47113,0
P47114,0
P47115,0
P47116,0
P47117,1
P47118,0
P47119,0
P47120,1
P47121,0
P47122,0
P47123,1
P47124,0
P47125,0
P47126,0
P47127,0
P47128,0
P47129,0
P47130,0
P47131,0
P47132,0
P47133,0
P47134,0
P47135,0
P47136,0
P47137,1
P47138,0
P47139,0
P47140,0
P47141,1
P47142,0
P47143,0
P47144,0
P47145,0
P47146,1
P47147,0
P47148,0
P47149,0
P47150,0
P47151,0
P47152,0
P47153,0
P47154,0
P47155,0
P47156,0
P47157,0
P47158,0
P47159,0
P47160,0
P47161,0
P47162,1
P47163,0
P47164,0
P47165,0
P47166,0
P47167,0
P47168,0
P47169,0
P47170,0
P47171,0
P47172,0
P47173,0
P47174,0
P47175,0
P47176,0
P47177,0
P47178,0
P47179,0
P47180,1
P47181,0
P47182,0
P47183,0
P47184,0
P47185,0
P47186,0
P47187,0
P47188,0
P47189,0
P47190,0
P47191,0
P47192,0
P47193,0
P47194,0
P47195,0
P47196,0
P47197,0
P47198,0
P47199,1
P47200,0
P47201,0
P47202,0
P47203,0
P47204,0
P47205,0
P47206,0
P47207,1
P47208,0
P47209,0
P47210,0
P47211,0
P47212,0
P47213,0
P47214,1
P47215,0
P47216,0
P47217,0
P47218,0
P47219,1
P47220,1
P47221,0
P47222,0
P47223,0
P47224,0
P47225,0
P47226,1
P47227,0
P47228,0
P47229,0
P47230,0
P47231,0
P47232,0
P47233,0
P47234,0
P47235,0
P47236,0
P47237,0
P47238,1
P47239,0
P47240,0
P47241,0
P47242,1
P47243,0
P47244,0
P47245,1
P47246,0
P47247,0
P47248,0
P47249,0
P47250,0
P47251,0
P47252,0
P47253,0
P47254,1
P47255,0
P47256,0
P47257,0
P47258,0
P47259,0
P47260,0
P47261,0
P47262,0
P47263,0
P47264,0
P47265,0
P47266,0
P47267,1
P47268,0
P47269,0
P47270,0
P47271,1
P47272,0
P47273,0
P47274,0
P47275,0
P47276,0
P47277,0
P47278,0
P47279,0
P47280,0
P47281,0
P47282,0
P47283,0
P47284,1
P47285,0
P47286,0
P47287,0
P47288,1
P47289,1
P47290,0
P47291,1
P47292,0
P47293,0
P47294,0
P47295,0
P47296,0
P47297,0
P47298,0
P47299,0
P47300,0
P47301,0
P47302,0
P47303,0
P47304,0
P47305,0
P47306,0
P47307,0
P47308,0
P47309,0
P47310,0
P47311,0
P47312,0
P47313,0
P47314,0
P47315,0
P47316,0
P47317,0
P47318,0
P47319,0
P47320,0
P47321,0
P47322,1
P47323,0
P47324,0
P47325,0
P47326,0
P47327,0
P47328,0
P47329,0
P47330,0
P47331,0
P47332,0
P47333,1
P47334,0
P47335,0
P47336,0
P47337,0
P47338,1
P47339,0
P47340,0
P47341,0
P47342,0
P47343,1
P47344,0
P47345,0
P47346,0
P47347,0
P47348,0
P47349,0
P47350,0
P47351,0
P47352,0
P47353,0
P47354,0
P47355,0
P47356,0
P47357,0
P47358,1
P47359,0
P47360,0
P47361,1
P47362,1
P47363,0
P47364,1
P47365,0
P47366,0
P47367,0
P47368,0
P47369,0
P47370,0
P47371,0
P47372,0
P47373,0
P47374,0
P47375,0
P47376,0
P47377,0
P47378,0
P47379,0
P47380,0
P47381,1
P47382,0
P47383,0
P47384,0
P47385,0
P47386,0
P47387,0
P47388,0
P47389,0
P47390,0
P47391,0
P47392,1
P47393,0
P47394,0
P47395,0
P47396,0
P47397,0
P47398,0
P47399,0
P47400,0
P47401,0
P47402,0
P47403,0
P47404,0
P47405,0
P47406,0
P47407,0
P47408,0
P47409,0
P47410,1
P47411,1
P47412,0
P47413,0
P47414,1
P47415,0
P47416,0
P47417,0
P47418,0
P47419,0
P47420,0
P47421,0
P47422,1
P47423,0
P47424,0
P47425,0
P47426,0
P47427,0
P47428,0
P47429,0
P47430,1
P47431,0
P47432,0
P47433,0
P47434,0
P47435,0
P47436,0
P47437,0
P47438,0
P47439,0
P47440,0
P47441,0
P47442,0
P47443,0
P47444,1
P47445,0
P47446,0
P47447,0
P47448,0
P47449,0
P47450,0
P47451,0
P47452,0
P47453,0
P47454,1
P47455,0
P47456,0
P47457,0
P47458,0
P47459,0
P47460,0
P47461,0
P47462,0
P47463,0
P47464,0
P47465,0
P47466,0
P47467,1
P47468,0
P47469,0
P47470,0
P47471,0
P47472,0
P47473,0
P47474,0
P47475,0
P47476,1
P47477,0
P47478,0
P47479,0
P47480,0
P47481,0
P47482,0
P47483,0
P47484,0
P47485,1
P47486,0
P47487,0
P47488,0
P47489,1
P47490,0
P47491,0
P47492,0
P47493,0
P47494,0
P47495,0
P47496,0
P47497,0
P47498,0
P47499,0
P47500,0
P47501,0
P47502,0
P47503,0
P47504,0
P47505,0
P47506,0
P47507,0
P47508,0
P47509,0
P47510,0
P47511,0
P47512,0
P47513,0
P47514,0
P47515,0
P47516,0
P47517,0
P47518,0
P47519,0
P47520,0
P47521,0
P47522,0
P47523,0
P47524,1
P47525,0
P47526,0
P47527,0
P47528,0
P47529,0
P47530,0
P47531,0
P47532,0
P47533,0
P47534,0
P47535,0
P47536,0
P47537,0
P47538,0
P47539,0
P47540,0
P47541,0
P47542,0
P47543,1
P47544,0
P47545,0
P47546,0
P47547,0
P47548,0
P47549,0
P47550,0
P47551,0
P47552,0
P47553,0
P47554,0
P47555,0
P47556,0
P47557,0
P47558,0
P47559,0
P47560,0
P47561,0
P47562,0
P47563,1
P47564,0
P47565,0
P47566,0
P47567,0
P47568,0
P47569,0
P47570,0
P47571,0
P47572,0
P47573,1
P47574,0
P47575,0
P47576,0
P47577,0
P47578,1
P47579,0
P47580,0
P47581,0
P47582,0
P47583,0
P47584,0
P47585,0
P47586,0
P47587,0
P47588,0
P47589,1
P47590,0
P47591,0
P47592,0
P47593,0
P47594,0
P47595,0
P47596,0
P47597,0
P47598,0
P47599,0
P47600,0
P47601,0
P47602,0
P47603,0
P47604,1
P47605,0
P47606,0
P47607,0
P47608,0
P47609,0
P47610,0
P47611,1
P47612,0
P47613,0
P47614,0
P47615,1
P47616,0
P47617,0
P47618,1
P47619,0
P47620,1
P47621,0
P47622,0
P47623,1
P47624,0
P47625,0
P47626,0
P47627,0
P47628,0
P47629,1
P47630,0
P47631,0
P47632,1
P47633,0
P47634,0
P47635,0
P47636,0
P47637,0
P47638,0
P47639,1
P47640,1
P47641,0
P47642,0
P47643,0
P47644,0
P47645,0
P47646,1
P47647,0
P47648,1
P47649,0
P47650,0
P47651,0
P47652,0
P47653,0
P47654,0
P47655,0
P47656,0
P47657,0
P47658,0
P47659,0
P47660,0
P47661,0
P47662,0
P47663,0
P47664,0
P47665,0
P47666,0
P47667,0
P47668,0
P47669,0
P47670,1
P47671,0
P47672,0
P47673,0
P47674,0
P47675,0
P47676,0
P47677,1
P47678,0
P47679,1
P47680,0
P47681,0
P47682,0
P47683,0
P47684,0
P47685,0
P47686,0
P47687,0
P47688,0
P47689,0
P47690,0
P47691,1
P47692,0
P47693,0
P47694,0
P47695,0
P47696,0
P47697,0
P47698,0
P47699,0
P47700,1
P47701,0
P47702,0
P47703,0
P47704,0
P47705,0
P47706,0
P47707,0
P47708,0
P47709,0
P47710,0
P47711,0
P47712,0
P47713,0
P47714,0
P47715,0
P47716,0
P47717,0
P47718,0
P47719,0
P47720,0
P47721,0
P47722,0
P47723,0
P47724,0
P47725,0
P47726,0
P47727,0
P47728,0
P47729,0
P47730,0
P47731,0
P47732,0
P47733,0
P47734,1
P47735,0
P47736,0
P47737,0
P47738,0
P47739,0
P47740,1
P47741,1
P47742,1
P47743,0
P47744,0
P47745,0
P47746,0
P47747,0
P47748,0
P47749,0
P47750,0
P47751,0
P47752,0
P47753,0
P47754,0
P47755,0
P47756,0
P47757,1
P47758,0
P47759,0
P47760,0
P47761,0
P47762,1
P47763,0
P47764,0
P47765,0
P47766,0
P47767,0
P47768,0
P47769,0
P47770,0
P47771,0
P47772,0
P47773,0
P47774,0
P47775,0
P47776,0
P47777,0
P47778,0
P47779,0
P47780,0
P47781,0
P47782,0
P47783,0
P47784,0
P47785,1
P47786,0
P47787,0
P47788,0
P47789,0
P47790,0
P47791,0
P47792,0
P47793,0
P47794,0
P47795,0
P47796,0
P47797,0
P47798,0
P47799,0
P47800,0
P47801,0
P47802,0
P47803,1
P47804,0
P47805,0
P47806,0
P47807,0
P47808,0
P47809,0
P47810,0
P47811,0
P47812,0
P47813,0
P47814,1
P47815,0
P47816,0
P47817,0
P47818,0
P47819,0
P47820,0
P47821,0
P47822,0
P47823,1
P47824,0
P47825,0
P47826,0
P47827,0
P47828,0
P47829,0
P47830,0
P47831,0
P47832,0
P47833,0
P47834,0
P47835,0
P47836,0
P47837,0
P47838,1
P47839,1
P47840,0
P47841,0
P47842,0
P47843,0
P47844,1
P47845,0
P47846,0
P47847,0
P47848,0
P47849,1
P47850,0
P47851,0
P47852,0
P47853,0
P47854,0
P47855,0
P47856,0
P47857,0
P47858,0
P47859,1
P47860,0
P47861,0
P47862,1
P47863,0
P47864,0
P47865,0
P47866,0
P47867,0
P47868,0
P47869,0
P47870,0
P47871,0
P47872,0
P47873,0
P47874,0
P47875,0
P47876,0
P47877,0
P47878,1
P47879,0
P47880,1
P47881,0
P47882,0
P47883,0
P47884,0
P47885,1
P47886,0
P47887,0
P47888,0
P47889,0
P47890,0
P47891,1
P47892,0
P47893,1
P47894,0
P47895,0
P47896,0
P47897,0
P47898,0
P47899,0
P47900,0
P47901,0
P47902,0
P47903,0
P47904,0
P47905,0
P47906,0
P47907,0
P47908,0
P47909,0
P47910,0
P47911,0
P47912,0
P47913,1
P47914,0
P47915,0
P47916,0
P47917,1
P47918,0
P47919,0
P47920,0
P47921,0
P47922,0
P47923,1
P47924,1
P47925,0
P47926,0
P47927,0
P47928,0
P47929,0
P47930,0
P47931,0
P47932,0
P47933,1
P47934,0
P47935,0
P47936,0
P47937,1
P47938,1
P47939,0
P47940,0
P47941,0
P47942,0
P47943,0
P47944,0
P47945,0
P47946,0
P47947,0
P47948,0
P47949,0
P47950,0
P47951,0
P47952,0
P47953,0
P47954,0
P47955,0
P47956,0
P47957,0
P47958,0
P47959,0
P47960,0
P47961,0
P47962,0
P47963,0
P47964,0
P47965,0
P47966,0
P47967,0
P47968,0
P47969,0
P47970,0
P47971,0
P47972,1
P47973,0
P47974,0
P47975,0
P47976,1
P47977,0
P47978,0
P47979,0
P47980,0
P47981,0
P47982,0
P47983,1
P47984,0
P47985,0
P47986,0
P47987,0
P47988,0
P47989,0
P47990,0
P47991,0
P47992,0
P47993,0
P47994,0
P47995,0
P47996,0
P47997,0
P47998,0
P47999,0
P48000,0
P48001,0
P48002,0
P48003,0
P48004,0
P48005,0
P48006,0
P48007,0
P48008,1
P48009,1
P48010,0
P48011,0
P48012,0
P48013,0
P48014,0
P48015,0
P48016,1
P48017,0
P48018,1
P48019,0
P48020,1
P48021,0
P48022,1
P48023,0
P48024,0
P48025,0
P48026,1
P48027,1
P48028,0
P48029,0
P48030,0
P48031,0
P48032,0
P48033,0
P48034,1
P48035,0
P48036,1
P48037,0
P48038,0
P48039,0
P48040,0
P48041,0
P48042,0
P48043,0
P48044,0
P48045,0
P48046,0
P48047,0
P48048,0
P48049,0
P48050,0
P48051,0
P48052,0
P48053,0
P48054,1
P48055,0
P48056,0
P48057,0
P48058,1
P48059,0
P48060,0
P48061,0
P48062,0
P48063,0
P48064,0
P48065,0
P48066,0
P48067,0
P48068,0
P48069,0
P48070,0
P48071,0
P48072,0
P48073,0
P48074,0
P48075,0
P48076,0
P48077,0
P48078,0
P48079,0
P48080,0
P48081,0
P48082,0
P48083,0
P48084,0
P48085,0
P48086,0
P48087,0
P48088,0
P48089,0
P48090,1
P48091,0
P48092,0
P48093,0
P48094,0
P48095,0
P48096,0
P48097,0
P48098,0
P48099,0
P48100,0
P48101,0
P48102,0
P48103,0
P48104,0
P48105,0
P48106,0
P48107,0
P48108,0
P48109,0
P48110,0
P48111,0
P48112,0
P48113,0
P48114,0
P48115,0
P48116,0
P48117,0
P48118,0
P48119,0
P48120,0
P48121,0
P48122,0
P48123,0
P48124,0
P48125,0
P48126,0
P48127,0
P48128,0
P48129,0
P48130,0
P48131,0
P48132,0
P48133,1
P48134,0
P48135,0
P48136,0
P48137,0
P48138,0
P48139,1
P48140,0
P48141,0
P48142,0
P48143,0
P48144,0
P48145,0
P48146,0
P48147,0
P48148,0
P48149,0
P48150,0
P48151,0
P48152,0
P48153,1
P48154,0
P48155,0
P48156,0
P48157,0
P48158,1
P48159,0
P48160,0
P48161,0
P48162,0
P48163,0
P48164,0
P48165,0
P48166,0
P48167,0
P48168,0
P48169,0
P48170,1
P48171,0
P48172,0
P48173,0
P48174,0
P48175,1
P48176,0
P48177,0
P48178,1
P48179,1
P48180,0
P48181,0
P48182,1
P48183,0
P48184,0
P48185,0
P48186,0
P48187,0
P48188,0
P48189,0
P48190,0
P48191,0
P48192,0
P48193,0
P48194,0
P48195,0
P48196,1
P48197,0
P48198,0
P48199,0
P48200,0
P48201,0
P48202,1
P48203,0
P48204,0
P48205,0
P48206,0
P48207,0
P48208,0
P48209,0
P48210,0
P48211,0
P48212,0
P48213,0
P48214,0
P48215,0
P48216,0
P48217,0
P48218,0
P48219,1
P48220,0
P48221,0
P48222,0
P48223,0
P48224,0
P48225,0
P48226,0
P48227,0
P48228,0
P48229,0
P48230,0
P48231,0
P48232,0
P48233,0
P48234,0
P48235,0
P48236,0
P48237,0
P48238,0
P48239,1
P48240,0
P48241,0
P48242,0
P48243,0
P48244,0
P48245,0
P48246,0
P48247,0
P48248,0
P48249,1
P48250,0
P48251,0
P48252,0
P48253,0
P48254,0
P48255,0
P48256,0
P48257,0
P48258,0
P48259,0
P48260,0
P48261,0
P48262,0
P48263,0
P48264,1
P48265,0
P48266,0
P48267,0
P48268,0
P48269,0
P48270,0
P48271,0
P48272,0
P48273,0
P48274,0
P48275,1
P48276,0
P48277,1
P48278,0
P48279,0
P48280,0
P48281,0
P48282,0
P48283,0
P48284,0
P48285,0
P48286,0
P48287,0
P48288,0
P48289,0
P48290,0
P48291,0
P48292,0
P48293,0
P48294,0
P48295,1
P48296,0
P48297,0
P48298,0
P48299,0
P48300,1
P48301,0
P48302,0
P48303,0
P48304,0
P48305,0
P48306,0
P48307,0
P48308,0
P48309,0
P48310,0
P48311,0
P48312,0
P48313,0
P48314,0
P48315,0
P48316,0
P48317,0
P48318,0
P48319,0
P48320,0
P48321,0
P48322,0
P48323,0
P48324,0
P48325,0
P48326,0
P48327,0
P48328,0
P48329,1
P48330,0
P48331,0
P48332,0
P48333,0
P48334,0
P48335,0
P48336,0
P48337,0
P48338,0
P48339,0
P48340,0
P48341,0
P48342,0
P48343,0
P48344,0
P48345,0
P48346,0
P48347,0
P48348,0
P48349,0
P48350,1
P48351,0
P48352,0
P48353,0
P48354,0
P48355,0
P48356,0
P48357,0
P48358,0
P48359,0
P48360,0
P48361,0
P48362,0
P48363,0
P48364,0
P48365,0
P48366,0
P48367,0
P48368,0
P48369,0
P48370,0
P48371,0
P48372,0
P48373,0
P48374,1
P48375,0
P48376,0
P48377,1
P48378,0
P48379,1
P48380,0
P48381,0
P48382,0
P48383,0
P48384,0
P48385,0
P48386,0
P48387,0
P48388,0
P48389,0
P48390,0
P48391,0
P48392,0
P48393,0
P48394,1
P48395,0
P48396,0
P48397,0
P48398,0
P48399,0
P48400,0
P48401,0
P48402,0
P48403,0
P48404,0
P48405,0
P48406,0
P48407,0
P48408,0
P48409,0
P48410,0
P48411,0
P48412,0
P48413,1
P48414,0
P48415,0
P48416,0
P48417,0
P48418,0
P48419,0
P48420,0
P48421,0
P48422,0
P48423,0
P48424,0
P48425,0
P48426,1
P48427,0
P48428,0
P48429,1
P48430,0
P48431,0
P48432,0
P48433,0
P48434,0
P48435,0
P48436,0
P48437,0
P48438,0
P48439,0
P48440,0
P48441,0
P48442,0
P48443,1
P48444,0
P48445,0
P48446,0
P48447,0
P48448,0
P48449,0
P48450,0
P48451,0
P48452,0
P48453,1
P48454,0
P48455,0
P48456,0
P48457,0
P48458,1
P48459,0
P48460,0
P48461,0
P48462,0
P48463,0
P48464,0
P48465,0
P48466,0
P48467,1
P48468,0
P48469,1
P48470,1
P48471,0
P48472,0
P48473,0
P48474,0
P48475,0
P48476,0
P48477,0
P48478,0
P48479,0
P48480,0
P48481,0
P48482,0
P48483,0
P48484,1
P48485,0
P48486,1
P48487,0
P48488,0
P48489,0
P48490,0
P48491,1
P48492,0
P48493,0
P48494,0
P48495,0
P48496,0
P48497,0
P48498,1
P48499,0
P48500,0
P48501,0
P48502,0
P48503,0
P48504,0
P48505,0
P48506,0
P48507,0
P48508,1
P48509,0
P48510,0
P48511,0
P48512,0
P48513,1
P48514,0
P48515,0
P48516,0
P48517,0
P48518,0
P48519,0
P48520,0
P48521,0
P48522,0
P48523,0
P48524,0
P48525,0
P48526,0
P48527,1
P48528,0
P48529,1
P48530,0
P48531,1
P48532,0
P48533,1
P48534,0
P48535,0
P48536,0
P48537,1
P48538,0
P48539,1
P48540,0
P48541,0
P48542,0
P48543,0
P48544,0
P48545,0
P48546,0
P48547,0
P48548,0
P48549,0
P48550,0
P48551,0
P48552,0
P48553,0
P48554,0
P48555,0
P48556,0
P48557,0
P48558,0
P48559,0
P48560,0
P48561,0
P48562,0
P48563,0
P48564,0
P48565,0
P48566,0
P48567,0
P48568,0
P48569,0
P48570,0
P48571,1
P48572,0
P48573,0
P48574,0
P48575,0
P48576,0
P48577,0
P48578,0
P48579,0
P48580,0
P48581,0
P48582,0
P48583,0
P48584,0
P48585,0
P48586,0
P48587,0
P48588,0
P48589,0
P48590,1
P48591,0
P48592,0
P48593,0
P48594,0
P48595,0
P48596,0
P48597,0
P48598,0
P48599,0
P48600,0
P48601,0
P48602,0
P48603,0
P48604,0
P48605,0
P48606,0
P48607,0
P48608,0
P48609,0
P48610,0
P48611,0
P48612,1
P48613,0
P48614,1
P48615,0
P48616,0
P48617,0
P48618,0
P48619,0
P48620,0
P48621,0
P48622,0
P48623,0
P48624,0
P48625,0
P48626,0
P48627,0
P48628,0
P48629,0
P48630,0
P48631,0
P48632,1
P48633,0
P48634,0
P48635,1
P48636,0
P48637,0
P48638,0
P48639,0
P48640,0
P48641,0
P48642,0
P48643,0
P48644,0
P48645,0
P48646,1
P48647,0
P48648,0
P48649,0
P48650,0
P48651,0
P48652,0
P48653,0
P48654,0
P48655,0
P48656,1
P48657,0
P48658,0
P48659,0
P48660,1
P48661,0
P48662,1
P48663,0
P48664,1
P48665,0
P48666,0
P48667,0
P48668,1
P48669,0
P48670,0
P48671,0
P48672,0
P48673,0
P48674,0
P48675,0
P48676,1
P48677,0
P48678,0
P48679,0
P48680,0
P48681,0
P48682,0
P48683,0
P48684,0
P48685,0
P48686,0
P48687,0
P48688,0
P48689,0
P48690,0
P48691,0
P48692,0
P48693,0
P48694,0
P48695,0
P48696,0
P48697,0
P48698,1
P48699,0
P48700,0
P48701,0
P48702,0
P48703,0
P48704,0
P48705,0
P48706,0
P48707,0
P48708,0
P48709,0
P48710,0
P48711,0
P48712,0
P48713,0
P48714,0
P48715,0
P48716,0
P48717,0
P48718,0
P48719,0
P48720,1
P48721,0
P48722,0
P48723,0
P48724,0
P48725,0
P48726,0
P48727,0
P48728,1
P48729,0
P48730,0
P48731,0
P48732,0
P48733,0
P48734,0
P48735,1
P48736,0
P48737,0
P48738,0
P48739,0
P48740,0
P48741,0
P48742,1
P48743,0
P48744,0
P48745,0
P48746,0
P48747,0
P48748,0
P48749,0
P48750,0
P48751,0
P48752,0
P48753,1
P48754,1
P48755,0
P48756,0
P48757,0
P48758,0
P48759,0
P48760,0
P48761,1
P48762,0
P48763,0
P48764,0
P48765,0
P48766,0
P48767,0
P48768,0
P48769,0
P48770,0
P48771,0
P48772,0
P48773,0
P48774,0
P48775,1
P48776,1
P48777,0
P48778,0
P48779,1
P48780,0
P48781,0
P48782,0
P48783,0
P48784,0
P48785,0
P48786,0
P48787,0
P48788,0
P48789,0
P48790,0
P48791,0
P48792,1
P48793,0
P48794,0
P48795,0
P48796,0
P48797,1
P48798,0
P48799,0
P48800,0
P48801,0
P48802,1
P48803,0
P48804,0
P48805,0
P48806,0
P48807,0
P48808,0
P48809,0
P48810,1
P48811,0
P48812,0
P48813,0
P48814,0
P48815,0
P48816,0
P48817,0
P48818,0
P48819,0
P48820,0
P48821,0
P48822,0
P48823,0
P48824,0
P48825,0
P48826,0
P48827,0
P48828,0
P48829,0
P48830,0
P48831,0
P48832,0
P48833,0
P48834,0
P48835,0
P48836,0
P48837,0
P48838,0
P48839,0
P48840,0
P48841,1
P48842,0
P48843,0
P48844,0
P48845,0
P48846,0
P48847,0
P48848,0
P48849,0
P48850,0
P48851,0
P48852,0
P48853,1
P48854,0
P48855,0
P48856,0
P48857,0
P48858,0
P48859,0
P48860,0
P48861,0
P48862,0
P48863,1
P48864,0
P48865,0
P48866,1
P48867,0
P48868,1
P48869,1
P48870,0
P48871,0
P48872,0
P48873,0
P48874,0
P48875,0
P48876,0
P48877,0
P48878,0
P48879,0
P48880,0
P48881,0
P48882,0
P48883,0
P48884,0
P48885,0
P48886,0
P48887,0
P48888,0
P48889,0
P48890,0
P48891,0
P48892,0
P48893,0
P48894,0
P48895,1
P48896,0
P48897,0
P48898,0
P48899,0
P48900,0
P48901,0
P48902,0
P48903,1
P48904,1
P48905,0
P48906,0
P48907,1
P48908,0
P48909,0
P48910,0
P48911,0
P48912,0
P48913,0
P48914,1
P48915,1
P48916,0
P48917,0
P48918,0
P48919,0
P48920,0
P48921,0
P48922,0
P48923,0
P48924,0
P48925,0
P48926,0
P48927,0
P48928,0
P48929,0
P48930,0
P48931,0
P48932,0
P48933,0
P48934,0
P48935,0
P48936,0
P48937,0
P48938,0
P48939,0
P48940,0
P48941,0
P48942,0
P48943,0
P48944,1
P48945,0
P48946,0
P48947,0
P48948,0
P48949,0
P48950,0
P48951,0
P48952,0
P48953,0
P48954,0
P48955,0
P48956,0
P48957,0
P48958,1
P48959,0
P48960,1
P48961,0
P48962,0
P48963,0
P48964,0
P48965,0
P48966,0
P48967,0
P48968,0
P48969,0
P48970,0
P48971,0
P48972,0
P48973,0
P48974,0
P48975,0
P48976,0
P48977,0
P48978,0
P48979,0
P48980,1
P48981,0
P48982,0
P48983,0
P48984,0
P48985,0
P48986,0
P48987,1
P48988,0
P48989,0
P48990,0
P48991,0
P48992,0
P48993,0
P48994,1
P48995,0
P48996,0
P48997,1
P48998,0
P48999,0
P49000,1
P49001,0
P49002,0
P49003,0
P49004,0
P49005,0
P49006,1
P49007,0
P49008,0
P49009,0
P49010,0
P49011,0
P49012,0
P49013,0
P49014,0
P49015,0
P49016,0
P49017,0
P49018,0
P49019,1
P49020,0
P49021,0
P49022,0
P49023,0
P49024,1
P49025,0
P49026,0
P49027,0
P49028,0
P49029,0
P49030,1
P49031,0
P49032,1
P49033,0
P49034,0
P49035,0
P49036,0
P49037,0
P49038,0
P49039,0
P49040,0
P49041,0
P49042,0
P49043,0
P49044,0
P49045,0
P49046,0
P49047,0
P49048,0
P49049,0
P49050,0
P49051,0
P49052,0
P49053,0
P49054,0
P49055,0
P49056,0
P49057,0
P49058,0
P49059,0
P49060,0
P49061,0
P49062,0
P49063,0
P49064,0
P49065,0
P49066,0
P49067,0
P49068,0
P49069,0
P49070,0
P49071,0
P49072,0
P49073,0
P49074,0
P49075,0
P49076,0
P49077,0
P49078,1
P49079,1
P49080,0
P49081,0
P49082,0
P49083,0
P49084,1
P49085,0
P49086,0
P49087,0
P49088,0
P49089,0
P49090,0
P49091,0
P49092,0
P49093,0
P49094,0
P49095,0
P49096,0
P49097,0
P49098,1
P49099,0
P49100,0
P49101,0
P49102,0
P49103,0
P49104,0
P49105,0
P49106,1
P49107,0
P49108,0
P49109,0
P49110,0
P49111,0
P49112,0
P49113,0
P49114,0
P49115,0
P49116,0
P49117,0
P49118,0
P49119,0
P49120,0
P49121,0
P49122,0
P49123,0
P49124,0
P49125,0
P49126,0
P49127,1
P49128,0
P49129,1
P49130,0
P49131,0
P49132,0
P49133,0
P49134,0
P49135,0
P49136,0
P49137,0
P49138,1
P49139,0
P49140,0
P49141,0
P49142,0
P49143,0
P49144,0
P49145,0
P49146,0
P49147,0
P49148,0
P49149,0
P49150,0
P49151,0
P49152,0
P49153,1
P49154,0
P49155,0
P49156,0
P49157,0
P49158,0
P49159,0
P49160,0
P49161,1
P49162,0
P49163,0
P49164,0
P49165,1
P49166,0
P49167,0
P49168,0
P49169,0
P49170,0
P49171,0
P49172,0
P49173,0
P49174,0
P49175,0
P49176,0
P49177,0
P49178,0
P49179,0
P49180,0
P49181,0
P49182,1
P49183,0
P49184,1
P49185,0
P49186,1
P49187,0
P49188,0
P49189,0
P49190,0
P49191,0
P49192,0
P49193,0
P49194,0
P49195,0
P49196,0
P49197,0
P49198,0
P49199,0
P49200,0
P49201,0
P49202,0
P49203,1
P49204,0
P49205,1
P49206,1
P49207,0
P49208,0
P49209,0
P49210,0
P49211,0
P49212,0
P49213,0
P49214,0
P49215,0
P49216,0
P49217,0
P49218,0
P49219,0
P49220,0
P49221,0
P49222,0
P49223,0
P49224,0
P49225,0
P49226,0
P49227,1
P49228,0
P49229,0
P49230,0
P49231,0
P49232,0
P49233,0
P49234,0
P49235,0
P49236,0
P49237,0
P49238,0
P49239,0
P49240,1
P49241,0
P49242,0
P49243,0
P49244,0
P49245,1
P49246,0
P49247,0
P49248,0
P49249,0
P49250,0
P49251,1
P49252,0
P49253,0
P49254,0
P49255,0
P49256,0
P49257,0
P49258,0
P49259,1
P49260,0
P49261,0
P49262,0
P49263,1
P49264,0
P49265,0
P49266,0
P49267,0
P49268,0
P49269,1
P49270,0
P49271,0
P49272,0
P49273,1
P49274,1
P49275,0
P49276,0
P49277,1
P49278,0
P49279,0
P49280,0
P49281,1
P49282,0
P49283,1
P49284,0
P49285,0
P49286,0
P49287,0
P49288,0
P49289,0
P49290,0
P49291,0
P49292,0
P49293,0
P49294,0
P49295,0
P49296,0
P49297,1
P49298,0
P49299,0
P49300,0
P49301,0
P49302,0
P49303,0
P49304,1
P49305,0
P49306,0
P49307,0
P49308,0
P49309,0
P49310,0
P49311,0
P49312,0
P49313,0
P49314,0
P49315,0
P49316,0
P49317,0
P49318,0
P49319,0
P49320,0
P49321,0
P49322,0
P49323,0
P49324,0
P49325,0
P49326,1
P49327,0
P49328,0
P49329,0
P49330,0
P49331,0
P49332,0
P49333,0
P49334,0
P49335,1
P49336,1
P49337,0
P49338,0
P49339,0
P49340,0
P49341,1
P49342,0
P49343,0
P49344,0
P49345,0
P49346,0
P49347,0
P49348,0
P49349,0
P49350,0
P49351,1
P49352,0
P49353,0
P49354,0
P49355,0
P49356,1
P49357,0
P49358,0
P49359,0
P49360,0
P49361,0
P49362,0
P49363,0
P49364,0
P49365,0
P49366,0
P49367,0
P49368,0
P49369,0
P49370,0
P49371,1
P49372,0
P49373,0
P49374,0
P49375,0
P49376,0
P49377,0
P49378,1
P49379,0
P49380,0
P49381,0
P49382,0
P49383,0
P49384,0
P49385,0
P49386,1
P49387,0
P49388,0
P49389,0
P49390,1
P49391,1
P49392,0
P49393,0
P49394,0
P49395,0
P49396,0
P49397,0
P49398,0
P49399,0
P49400,0
P49401,0
P49402,0
P49403,0
P49404,0
P49405,0
P49406,1
P49407,0
P49408,0
P49409,0
P49410,1
P49411,0
P49412,0
P49413,0
P49414,0
P49415,0
P49416,0
P49417,0
P49418,0
P49419,1
P49420,0
P49421,0
P49422,0
P49423,0
P49424,0
P49425,0
P49426,0
P49427,0
P49428,0
P49429,0
P49430,0
P49431,0
P49432,0
P49433,1
P49434,0
P49435,0
P49436,1
P49437,1
P49438,1
P49439,0
P49440,0
P49441,0
P49442,0
P49443,0
P49444,0
P49445,0
P49446,0
P49447,0
P49448,0
P49449,0
P49450,0
P49451,0
P49452,0
P49453,0
P49454,0
P49455,0
P49456,0
P49457,0
P49458,0
P49459,0
P49460,1
P49461,0
P49462,0
P49463,0
P49464,0
P49465,0
P49466,0
P49467,0
P49468,1
P49469,0
P49470,0
P49471,0
P49472,0
P49473,0
P49474,0
P49475,0
P49476,1
P49477,0
P49478,1
P49479,0
P49480,0
P49481,0
P49482,1
P49483,0
P49484,0
P49485,0
P49486,0
P49487,0
P49488,1
P49489,0
P49490,0
P49491,0
P49492,0
P49493,1
P49494,0
P49495,1
P49496,0
P49497,1
P49498,0
P49499,0
P49500,0
P49501,0
P49502,0
P49503,0
P49504,0
P49505,0
P49506,0
P49507,0
P49508,0
P49509,0
P49510,0
P49511,0
P49512,0
P49513,0
P49514,0
P49515,1
P49516,0
P49517,1
P49518,0
P49519,0
P49520,0
P49521,0
P49522,1
P49523,0
P49524,0
P49525,0
P49526,0
P49527,0
P49528,0
P49529,0
P49530,0
P49531,1
P49532,0
P49533,0
P49534,0
P49535,0
P49536,0
P49537,0
P49538,0
P49539,0
P49540,0
P49541,0
P49542,0
P49543,1
P49544,1
P49545,1
P49546,1
P49547,0
P49548,0
P49549,0
P49550,0
P49551,0
P49552,0
P49553,0
P49554,0
P49555,0
P49556,0
P49557,0
P49558,0
P49559,1
P49560,0
P49561,0
P49562,0
P49563,0
P49564,0
P49565,1
P49566,0
P49567,0
P49568,1
P49569,0
P49570,1
P49571,0
P49572,0
P49573,1
P49574,0
P49575,1
P49576,1
P49577,0
P49578,0
P49579,0
P49580,1
P49581,0
P49582,0
P49583,0
P49584,0
P49585,1
P49586,0
P49587,0
P49588,0
P49589,0
P49590,0
P49591,0
P49592,0
P49593,0
P49594,0
P49595,0
P49596,0
P49597,1
P49598,0
P49599,0
P49600,0
P49601,0
P49602,0
P49603,0
P49604,0
P49605,0
P49606,0
P49607,0
P49608,0
P49609,0
P49610,0
P49611,0
P49612,0
P49613,0
P49614,0
P49615,0
P49616,0
P49617,0
P49618,0
P49619,0
P49620,0
P49621,0
P49622,0
P49623,1
P49624,0
P49625,0
P49626,0
P49627,1
P49628,0
P49629,1
P49630,0
P49631,0
P49632,0
P49633,0
P49634,0
P49635,0
P49636,0
P49637,1
P49638,0
P49639,0
P49640,0
P49641,0
P49642,0
P49643,0
P49644,0
P49645,0
P49646,1
P49647,1
P49648,0
P49649,0
P49650,1
P49651,0
P49652,0
P49653,0
P49654,0
P49655,0
P49656,0
P49657,0
P49658,0
P49659,0
P49660,0
P49661,0
P49662,0
P49663,0
P49664,0
P49665,0
P49666,0
P49667,0
P49668,0
P49669,0
P49670,0
P49671,0
P49672,0
P49673,0
P49674,0
P49675,0
P49676,0
P49677,0
P49678,0
P49679,0
P49680,0
P49681,0
P49682,0
P49683,0
P49684,0
P49685,0
P49686,0
P49687,0
P49688,0
P49689,0
P49690,0
P49691,0
P49692,0
P49693,1
P49694,1
P49695,0
P49696,0
P49697,0
P49698,0
P49699,0
P49700,0
P49701,0
P49702,0
P49703,0
P49704,0
P49705,0
P49706,0
P49707,0
P49708,0
P49709,1
P49710,0
P49711,0
P49712,0
P49713,0
P49714,0
P49715,0
P49716,0
P49717,0
P49718,0
P49719,0
P49720,1
P49721,0
P49722,0
P49723,0
P49724,0
P49725,0
P49726,0
P49727,0
P49728,0
P49729,0
P49730,0
P49731,1
P49732,0
P49733,0
P49734,0
P49735,0
P49736,0
P49737,0
P49738,0
P49739,0
P49740,0
P49741,1
P49742,0
P49743,0
P49744,0
P49745,0
P49746,0
P49747,0
P49748,0
P49749,0
P49750,0
P49751,0
P49752,0
P49753,0
P49754,0
P49755,0
P49756,0
P49757,0
P49758,1
P49759,0
P49760,0
P49761,1
P49762,0
P49763,0
P49764,1
P49765,0
P49766,0
P49767,0
P49768,0
P49769,0
P49770,0
P49771,1
P49772,0
P49773,1
P49774,1
P49775,0
P49776,0
P49777,0
P49778,0
P49779,0
P49780,0
P49781,1
P49782,0
P49783,0
P49784,0
P49785,0
P49786,0
P49787,0
P49788,0
P49789,0
P49790,0
P49791,0
P49792,0
P49793,0
P49794,1
P49795,0
P49796,0
P49797,0
P49798,0
P49799,0
P49800,0
P49801,0
P49802,0
P49803,0
P49804,0
P49805,0
P49806,0
P49807,0
P49808,0
P49809,0
P49810,0
P49811,0
P49812,1
P49813,0
P49814,0
P49815,0
P49816,0
P49817,1
P49818,1
P49819,0
P49820,1
P49821,1
P49822,0
P49823,0
P49824,0
P49825,0
P49826,0
P49827,0
P49828,0
P49829,0
P49830,0
P49831,0
P49832,0
P49833,0
P49834,0
P49835,0
P49836,0
P49837,0
P49838,0
P49839,0
P49840,0
P49841,0
P49842,0
P49843,0
P49844,0
P49845,1
P49846,0
P49847,0
P49848,0
P49849,1
P49850,0
P49851,0
P49852,0
P49853,0
P49854,0
P49855,0
P49856,0
P49857,0
P49858,0
P49859,0
P49860,0
P49861,0
P49862,0
P49863,0
P49864,0
P49865,0
P49866,0
P49867,0
P49868,0
P49869,0
P49870,0
P49871,0
P49872,0
P49873,0
P49874,0
P49875,0
P49876,0
P49877,0
P49878,0
P49879,0
P49880,0
P49881,0
P49882,0
P49883,0
P49884,1
P49885,0
P49886,0
P49887,0
P49888,0
P49889,0
P49890,0
P49891,0
P49892,0
P49893,0
P49894,0
P49895,0
P49896,0
P49897,0
P49898,0
P49899,0
P49900,0
P49901,0
P49902,0
P49903,0
P49904,0
P49905,0
P49906,0
P49907,0
P49908,0
P49909,0
P49910,0
P49911,1
P49912,1
P49913,0
P49914,0
P49915,0
P49916,0
P49917,0
P49918,0
P49919,0
P49920,0
P49921,0
P49922,0
P49923,0
P49924,0
P49925,0
P49926,0
P49927,0
P49928,0
P49929,0
P49930,0
P49931,0
P49932,0
P49933,0
P49934,0
P49935,0
P49936,0
P49937,0
P49938,0
P49939,0
P49940,0
P49941,0
P49942,0
P49943,0
P49944,0
P49945,1
P49946,0
P49947,0
P49948,0
P49949,0
P49950,0
P49951,0
P49952,0
P49953,0
P49954,0
P49955,0
P49956,1
P49957,0
P49958,0
P49959,0
P49960,0
P49961,0
P49962,0
P49963,0
P49964,0
P49965,1
P49966,0
P49967,0
P49968,0
P49969,1
P49970,1
P49971,0
P49972,0
P49973,0
P49974,0
P49975,0
P49976,0
P49977,0
P49978,0
P49979,0
P49980,0
P49981,1
P49982,0
P49983,0
P49984,1
P49985,0
P49986,1
P49987,0
P49988,0
P49989,1
P49990,0
P49991,0
P49992,0
P49993,0
P49994,0
P49995,0
P49996,0
P49997,1
P49998,0
P49999,0
P50000,1
